datetime	num_input_tokens	num_thought_tokens	num_output_tokens	total_tokens
2025-11-22 18:24:22.472857-08:00	0	0	0	0
2025-11-22 18:27:33.027761-08:00	114269	1376	353	115998
2025-11-22 18:28:34.234551-08:00	0	0	0	0
2025-11-22 18:31:14.693193-08:00	114242	229	21	114492
2025-11-22 18:31:35.623357-08:00	114281	144	210	114635
2025-11-22 18:32:00.581324-08:00	0	0	0	0
2025-11-22 18:32:28.240183-08:00	114502	1617	279	116398
2025-11-22 18:37:16.086223-08:00	114252	2619	285	117156
2025-11-22 18:38:25.467799-08:00	114247	1028	86	115361
2025-11-22 18:39:00.647958-08:00	114354	2177	263	116794
2025-11-22 18:46:27.900458-08:00	114247	1134	104	115485
2025-11-22 18:46:43.540019-08:00	114372	1396	287	116055
2025-11-23 05:04:07.333540-08:00	114263	1395	510	116168
2025-11-23 05:04:11.332453-08:00	115154	164	588	115906
2025-11-23 09:41:49.305833-08:00	114266	2308	454	117028
2025-11-23 09:43:25.758805-08:00	114266	1313	502	116081
2025-11-23 09:45:52.328792-08:00	114783	787	496	116066
2025-11-23 09:50:18.463576-08:00	115321	1953	592	117866
2025-11-23 10:56:12.588158-08:00	114270	1452	355	116077
2025-11-23 10:57:21.598679-08:00	114639	1078	355	116072
2025-11-23 11:12:27.033152-08:00	114270	2098	300	116668
2025-11-23 11:12:58.080780-08:00	114582	1178	349	116109
2025-11-23 14:19:25.189528-08:00	114271	1694	305	116270
2025-11-23 14:26:19.435225-08:00	114268	1762	534	116564
2025-11-23 14:27:00.350950-08:00	114822	1325	536	116683
2025-11-23 14:41:33.222844-08:00	114256	789	98	115143
2025-11-23 14:41:53.105320-08:00	114368	690	282	115340
2025-11-23 16:03:01.194382-08:00	114270	1251	298	115819
2025-11-23 16:04:11.357297-08:00	114408	62912	2370	179690
2025-11-23 17:03:16.345503-08:00	114270	997	337	115604
2025-11-23 17:06:57.531770-08:00	114270	1958	298	116526
2025-11-23 17:17:21.902104-08:00	114270	1435	304	116009
2025-11-23 17:19:13.261204-08:00	114270	1739	300	116309
2025-11-23 17:39:56.696956-08:00	114268	3856	365	118489
2025-11-23 17:41:38.288554-08:00	114268	1503	310	116081
2025-11-23 17:45:54.754208-08:00	114260	457	258	114975
2025-11-23 17:52:12.636259-08:00	114260	683	268	115211
2025-11-23 17:56:54.298793-08:00	114259	637	258	115154
2025-11-23 18:45:47.669558-08:00	114642	11638	245	126525
2025-11-23 18:52:19.284478-08:00	114985	10486	55048	180519
2025-11-23 18:52:54.762643-08:00	170052	8456	2433	180941
2025-11-23 18:52:55.045065-08:00	0	0	0	0
2025-11-23 18:55:40.734362-08:00	172504	10012	3139	185655
2025-11-23 18:55:52.560140-08:00	0	0	0	0
2025-11-23 18:57:20.731966-08:00	114642	8467	289	123398
2025-11-23 19:02:09.486472-08:00	115029	9901	55632	180562
2025-11-23 19:03:01.604063-08:00	170706	12869	2849	186424
2025-11-23 19:03:01.838675-08:00	0	0	0	0
2025-11-23 19:05:58.383124-08:00	173600	9116	2476	185192
2025-11-23 19:05:58.600852-08:00	0	0	0	0
2025-11-23 19:17:41.811190-08:00	114642	62915	434	177991
2025-11-23 19:19:33.286774-08:00	115174	12621	2772	130567
2025-11-23 19:24:54.456580-08:00	118100	6946	6072	131118
2025-11-23 19:29:36.887982-08:00	114547	5786	803	121136
2025-11-23 19:30:37.384754-08:00	115362	546	90	115998
2025-11-23 19:31:11.526253-08:00	115465	1587	877	117929
2025-11-24 06:30:13.833339-08:00	114640	7705	1604	123949
2025-11-24 07:50:37.401692-08:00	114677	1938	940	117555
2025-11-24 08:31:06.215886-08:00	114687	1652	1069	117408
2025-11-24 08:41:38.631771-08:00	114671	3210	922	118803
2025-11-24 09:03:58.220062-08:00	114493	680	268	115441
2025-11-24 09:10:38.860410-08:00	114696	2381	1069	118146
2025-11-24 10:10:21.703861-08:00	114670	4003	943	119616
2025-11-24 11:00:03.960088-08:00	0	0	0	0
2025-11-24 11:00:27.427494-08:00	114493	733	258	115484
2025-11-24 11:02:03.278962-08:00	114493	1482	366	116341
2025-11-24 11:08:34.827577-08:00	114493	681	309	115483
2025-11-24 11:09:37.085929-08:00	114500	1714	73	116287
2025-11-24 11:10:03.951868-08:00	114589	1567	474	116630
2025-11-24 11:12:53.623639-08:00	114500	1539	508	116547
2025-11-24 11:13:36.882946-08:00	115040	1216	442	116698
2025-11-25 12:30:57.620990-08:00	114494	3432	463	118389
2025-11-25 12:33:17.720681-08:00	0	0	0	0
2025-11-25 12:33:59.828973-08:00	114475	554	175	115204
2025-11-25 12:36:49.645083-08:00	114470	486	153	115109
2025-11-25 12:37:37.526111-08:00	114472	469	155	115096
2025-11-25 12:40:25.207142-08:00	114472	681	155	115308
2025-11-25 12:41:46.468942-08:00	114493	2099	486	117078
2025-11-25 12:42:26.263380-08:00	114993	559	399	115951
2025-11-25 12:45:15.163364-08:00	114473	282	180	114935
2025-11-25 12:46:33.801739-08:00	114473	456	175	115104
2025-11-25 14:44:37.898677-08:00	114472	472	180	115124
2025-11-25 14:46:09.415559-08:00	114510	2565	440	117515
2025-11-25 14:52:10.484993-08:00	114510	1678	338	116526
2025-11-25 14:53:35.335972-08:00	114524	2775	65	117364
2025-11-25 14:53:58.809828-08:00	114601	1709	381	116691
2025-11-25 14:56:35.076814-08:00	114563	1877	506	116946
